{
    "accuracy": 0.805,
    "precision": 0.7694947103863464,
    "recall": 0.805,
    "f1_score": 0.7542469077424654,
    "confusion_matrix": [
        [
            1552,
            41
        ],
        [
            349,
            58
        ]
    ]
}