{
    "accuracy": 0.8055,
    "precision": 0.7707881445953776,
    "recall": 0.8055,
    "f1_score": 0.7545926231249734,
    "confusion_matrix": [
        [
            1553,
            40
        ],
        [
            349,
            58
        ]
    ]
}